<?xml version="1.0" encoding="UTF-8"?>
<project-private xmlns="http://www.netbeans.org/ns/project-private/1">
    <editor-bookmarks xmlns="http://www.netbeans.org/ns/editor-bookmarks/2" lastBookmarkId="0"/>
    <open-files xmlns="http://www.netbeans.org/ns/projectui-open-files/2">
        <group>
            <file>file:/C:/xampp/htdocs/ors/application/modules/dco/controllers/dco.php</file>
            <file>file:/C:/xampp/htdocs/ors/application/modules/dco/models/Dco_model.php</file>
            <file>file:/C:/xampp/htdocs/ors/application/modules/dco/views/somitee_list.php</file>
            <file>file:/C:/xampp/htdocs/ors/application/modules/dco/views/view_somitee_info.php</file>
        </group>
    </open-files>
</project-private>
